ASD_presence,Alignment,Misalignment,IQ
0,0.589743589744,0.1795,133
1,0.575,0.175,95
0,0.282051282051,0.1282,118
1,0.275,0.075,72
1,0.564102564103,0.1538,93
0,0.55,0.175,120
0,0.25641025641,0.1026,124
1,0.225,0.075,76
0,0.358974358974,0.1026,110
1,0.25,0.125,59
0,0.487179487179,0.1538,146
1,0.5,0.2,107
1,0.461538461538,0.1538,85
0,0.425,0.175,114
1,0.512820512821,0.1026,100
0,0.45,0.225,113
